{"cameraMode":{"drawMode":0,"name":"Shaded","section":"Shading Mode"},"sceneLighting":true,"audioPlay":false,"sceneViewState":{"showFog":true,"showMaterialUpdate":false,"showSkybox":true,"showFlares":true,"showImageEffects":true,"showParticleSystems":true},"in2DMode":false,"pivot":{"x":8.842981338500977,"y":-5.083718776702881,"z":-46.220211029052737},"rotation":{"x":0.14440442621707917,"y":0.6365067362785339,"z":-0.12294695526361466,"w":0.7475945949554443},"size":9.511558532714844,"orthographic":false}