{"cameraMode":{"drawMode":0,"name":"Shaded","section":"Shading Mode"},"sceneLighting":false,"audioPlay":false,"sceneViewState":{"showFog":true,"showMaterialUpdate":false,"showSkybox":false,"showFlares":true,"showImageEffects":true,"showParticleSystems":true},"in2DMode":false,"pivot":{"x":1.074198603630066,"y":0.3684748411178589,"z":0.14089816808700562},"rotation":{"x":0.1703065037727356,"y":0.8068467378616333,"z":-0.2793515622615814,"w":0.4918951988220215},"size":1.0289528369903565,"orthographic":false}